episodes,alpha,epsilon,success,AveStep,MinStep
50000,0.868,0.068,0.4965,13.587633434038269,13
50000,0.425,0.061,0.48284,13.520089470632094,13
